ags,key,state,type,value
07111,1-bed,Rheinland-Pfalz,beds,1136.0
07111,2-bed,Rheinland-Pfalz,beds,464.0
07111,3-bed,Rheinland-Pfalz,beds,0.0
07111,4-bed,Rheinland-Pfalz,beds,0.0
07131,1-bed,Rheinland-Pfalz,beds,822.0
07131,2-bed,Rheinland-Pfalz,beds,782.0
07131,3-bed,Rheinland-Pfalz,beds,72.0
07131,4-bed,Rheinland-Pfalz,beds,0.0
07132,1-bed,Rheinland-Pfalz,beds,864.0
07132,2-bed,Rheinland-Pfalz,beds,513.0
07132,3-bed,Rheinland-Pfalz,beds,0.0
07132,4-bed,Rheinland-Pfalz,beds,0.0
07133,1-bed,Rheinland-Pfalz,beds,862.0
07133,2-bed,Rheinland-Pfalz,beds,692.0
07133,3-bed,Rheinland-Pfalz,beds,0.0
07133,4-bed,Rheinland-Pfalz,beds,0.0
07134,1-bed,Rheinland-Pfalz,beds,556.0
07134,2-bed,Rheinland-Pfalz,beds,531.0
07134,3-bed,Rheinland-Pfalz,beds,0.0
07134,4-bed,Rheinland-Pfalz,beds,7.0
07135,1-bed,Rheinland-Pfalz,beds,489.0
07135,2-bed,Rheinland-Pfalz,beds,422.0
07135,3-bed,Rheinland-Pfalz,beds,6.0
07135,4-bed,Rheinland-Pfalz,beds,0.0
07137,1-bed,Rheinland-Pfalz,beds,1266.0
07137,2-bed,Rheinland-Pfalz,beds,685.0
07137,3-bed,Rheinland-Pfalz,beds,18.0
07137,4-bed,Rheinland-Pfalz,beds,0.0
07138,1-bed,Rheinland-Pfalz,beds,1412.0
07138,2-bed,Rheinland-Pfalz,beds,872.0
07138,3-bed,Rheinland-Pfalz,beds,0.0
07138,4-bed,Rheinland-Pfalz,beds,0.0
07140,1-bed,Rheinland-Pfalz,beds,691.0
07140,2-bed,Rheinland-Pfalz,beds,424.0
07140,3-bed,Rheinland-Pfalz,beds,3.0
07140,4-bed,Rheinland-Pfalz,beds,0.0
07141,1-bed,Rheinland-Pfalz,beds,723.0
07141,2-bed,Rheinland-Pfalz,beds,563.0
07141,3-bed,Rheinland-Pfalz,beds,0.0
07141,4-bed,Rheinland-Pfalz,beds,0.0
07143,1-bed,Rheinland-Pfalz,beds,1532.0
07143,2-bed,Rheinland-Pfalz,beds,721.0
07143,3-bed,Rheinland-Pfalz,beds,9.0
07143,4-bed,Rheinland-Pfalz,beds,0.0
07211,1-bed,Rheinland-Pfalz,beds,783.0
07211,2-bed,Rheinland-Pfalz,beds,276.0
07211,3-bed,Rheinland-Pfalz,beds,0.0
07211,4-bed,Rheinland-Pfalz,beds,0.0
07231,1-bed,Rheinland-Pfalz,beds,481.0
07231,2-bed,Rheinland-Pfalz,beds,570.0
07231,3-bed,Rheinland-Pfalz,beds,0.0
07231,4-bed,Rheinland-Pfalz,beds,0.0
07232,1-bed,Rheinland-Pfalz,beds,429.0
07232,2-bed,Rheinland-Pfalz,beds,355.0
07232,3-bed,Rheinland-Pfalz,beds,6.0
07232,4-bed,Rheinland-Pfalz,beds,0.0
07233,1-bed,Rheinland-Pfalz,beds,322.0
07233,2-bed,Rheinland-Pfalz,beds,463.0
07233,3-bed,Rheinland-Pfalz,beds,18.0
07233,4-bed,Rheinland-Pfalz,beds,0.0
07235,1-bed,Rheinland-Pfalz,beds,663.0
07235,2-bed,Rheinland-Pfalz,beds,827.0
07235,3-bed,Rheinland-Pfalz,beds,6.0
07235,4-bed,Rheinland-Pfalz,beds,0.0
07311,1-bed,Rheinland-Pfalz,beds,365.0
07311,2-bed,Rheinland-Pfalz,beds,211.0
07311,3-bed,Rheinland-Pfalz,beds,27.0
07311,4-bed,Rheinland-Pfalz,beds,0.0
07312,1-bed,Rheinland-Pfalz,beds,755.0
07312,2-bed,Rheinland-Pfalz,beds,400.0
07312,3-bed,Rheinland-Pfalz,beds,0.0
07312,4-bed,Rheinland-Pfalz,beds,0.0
07313,1-bed,Rheinland-Pfalz,beds,163.0
07313,2-bed,Rheinland-Pfalz,beds,284.0
07313,3-bed,Rheinland-Pfalz,beds,24.0
07313,4-bed,Rheinland-Pfalz,beds,0.0
07314,1-bed,Rheinland-Pfalz,beds,745.0
07314,2-bed,Rheinland-Pfalz,beds,727.0
07314,3-bed,Rheinland-Pfalz,beds,0.0
07314,4-bed,Rheinland-Pfalz,beds,0.0
07315,1-bed,Rheinland-Pfalz,beds,1077.0
07315,2-bed,Rheinland-Pfalz,beds,578.0
07315,3-bed,Rheinland-Pfalz,beds,0.0
07315,4-bed,Rheinland-Pfalz,beds,0.0
07316,1-bed,Rheinland-Pfalz,beds,325.0
07316,2-bed,Rheinland-Pfalz,beds,94.0
07316,3-bed,Rheinland-Pfalz,beds,0.0
07316,4-bed,Rheinland-Pfalz,beds,0.0
07317,1-bed,Rheinland-Pfalz,beds,288.0
07317,2-bed,Rheinland-Pfalz,beds,384.0
07317,3-bed,Rheinland-Pfalz,beds,0.0
07317,4-bed,Rheinland-Pfalz,beds,0.0
07318,1-bed,Rheinland-Pfalz,beds,426.0
07318,2-bed,Rheinland-Pfalz,beds,458.0
07318,3-bed,Rheinland-Pfalz,beds,0.0
07318,4-bed,Rheinland-Pfalz,beds,0.0
07319,1-bed,Rheinland-Pfalz,beds,625.0
07319,2-bed,Rheinland-Pfalz,beds,385.0
07319,3-bed,Rheinland-Pfalz,beds,36.0
07319,4-bed,Rheinland-Pfalz,beds,7.0
07320,1-bed,Rheinland-Pfalz,beds,187.0
07320,2-bed,Rheinland-Pfalz,beds,174.0
07320,3-bed,Rheinland-Pfalz,beds,0.0
07320,4-bed,Rheinland-Pfalz,beds,0.0
07331,1-bed,Rheinland-Pfalz,beds,490.0
07331,2-bed,Rheinland-Pfalz,beds,446.0
07331,3-bed,Rheinland-Pfalz,beds,6.0
07331,4-bed,Rheinland-Pfalz,beds,0.0
07332,1-bed,Rheinland-Pfalz,beds,705.0
07332,2-bed,Rheinland-Pfalz,beds,859.0
07332,3-bed,Rheinland-Pfalz,beds,15.0
07332,4-bed,Rheinland-Pfalz,beds,0.0
07333,1-bed,Rheinland-Pfalz,beds,480.0
07333,2-bed,Rheinland-Pfalz,beds,455.0
07333,3-bed,Rheinland-Pfalz,beds,42.0
07333,4-bed,Rheinland-Pfalz,beds,0.0
07334,1-bed,Rheinland-Pfalz,beds,521.0
07334,2-bed,Rheinland-Pfalz,beds,402.0
07334,3-bed,Rheinland-Pfalz,beds,0.0
07334,4-bed,Rheinland-Pfalz,beds,0.0
07335,1-bed,Rheinland-Pfalz,beds,499.0
07335,2-bed,Rheinland-Pfalz,beds,478.0
07335,3-bed,Rheinland-Pfalz,beds,0.0
07335,4-bed,Rheinland-Pfalz,beds,0.0
07336,1-bed,Rheinland-Pfalz,beds,309.0
07336,2-bed,Rheinland-Pfalz,beds,344.0
07336,3-bed,Rheinland-Pfalz,beds,0.0
07336,4-bed,Rheinland-Pfalz,beds,0.0
07337,1-bed,Rheinland-Pfalz,beds,157.0
07337,2-bed,Rheinland-Pfalz,beds,464.0
07337,3-bed,Rheinland-Pfalz,beds,9.0
07337,4-bed,Rheinland-Pfalz,beds,0.0
07338,1-bed,Rheinland-Pfalz,beds,552.0
07338,2-bed,Rheinland-Pfalz,beds,641.0
07338,3-bed,Rheinland-Pfalz,beds,0.0
07338,4-bed,Rheinland-Pfalz,beds,0.0
07339,1-bed,Rheinland-Pfalz,beds,847.0
07339,2-bed,Rheinland-Pfalz,beds,577.0
07339,3-bed,Rheinland-Pfalz,beds,0.0
07339,4-bed,Rheinland-Pfalz,beds,0.0
07340,1-bed,Rheinland-Pfalz,beds,442.0
07340,2-bed,Rheinland-Pfalz,beds,282.0
07340,3-bed,Rheinland-Pfalz,beds,0.0
07340,4-bed,Rheinland-Pfalz,beds,0.0
07111,total_personnel,Rheinland-Pfalz,personal,1305.0
07111,fully_employed,Rheinland-Pfalz,personal,412.0
07111,nursing_and_care,Rheinland-Pfalz,personal,785.0
07111,social_care,Rheinland-Pfalz,personal,65.0
07111,other_care,Rheinland-Pfalz,personal,53.0
07131,total_personnel,Rheinland-Pfalz,personal,1321.0
07131,fully_employed,Rheinland-Pfalz,personal,505.0
07131,nursing_and_care,Rheinland-Pfalz,personal,805.0
07131,social_care,Rheinland-Pfalz,personal,50.0
07131,other_care,Rheinland-Pfalz,personal,49.0
07132,total_personnel,Rheinland-Pfalz,personal,1128.0
07132,fully_employed,Rheinland-Pfalz,personal,276.0
07132,nursing_and_care,Rheinland-Pfalz,personal,746.0
07132,social_care,Rheinland-Pfalz,personal,54.0
07132,other_care,Rheinland-Pfalz,personal,41.0
07133,total_personnel,Rheinland-Pfalz,personal,1137.0
07133,fully_employed,Rheinland-Pfalz,personal,354.0
07133,nursing_and_care,Rheinland-Pfalz,personal,715.0
07133,social_care,Rheinland-Pfalz,personal,58.0
07133,other_care,Rheinland-Pfalz,personal,57.0
07134,total_personnel,Rheinland-Pfalz,personal,807.0
07134,fully_employed,Rheinland-Pfalz,personal,246.0
07134,nursing_and_care,Rheinland-Pfalz,personal,510.0
07134,social_care,Rheinland-Pfalz,personal,29.0
07134,other_care,Rheinland-Pfalz,personal,24.0
07135,total_personnel,Rheinland-Pfalz,personal,757.0
07135,fully_employed,Rheinland-Pfalz,personal,214.0
07135,nursing_and_care,Rheinland-Pfalz,personal,520.0
07135,social_care,Rheinland-Pfalz,personal,35.0
07135,other_care,Rheinland-Pfalz,personal,28.0
07137,total_personnel,Rheinland-Pfalz,personal,1714.0
07137,fully_employed,Rheinland-Pfalz,personal,440.0
07137,nursing_and_care,Rheinland-Pfalz,personal,1059.0
07137,social_care,Rheinland-Pfalz,personal,85.0
07137,other_care,Rheinland-Pfalz,personal,50.0
07138,total_personnel,Rheinland-Pfalz,personal,1701.0
07138,fully_employed,Rheinland-Pfalz,personal,521.0
07138,nursing_and_care,Rheinland-Pfalz,personal,1058.0
07138,social_care,Rheinland-Pfalz,personal,83.0
07138,other_care,Rheinland-Pfalz,personal,59.0
07140,total_personnel,Rheinland-Pfalz,personal,928.0
07140,fully_employed,Rheinland-Pfalz,personal,254.0
07140,nursing_and_care,Rheinland-Pfalz,personal,577.0
07140,social_care,Rheinland-Pfalz,personal,37.0
07140,other_care,Rheinland-Pfalz,personal,31.0
07141,total_personnel,Rheinland-Pfalz,personal,1040.0
07141,fully_employed,Rheinland-Pfalz,personal,305.0
07141,nursing_and_care,Rheinland-Pfalz,personal,593.0
07141,social_care,Rheinland-Pfalz,personal,44.0
07141,other_care,Rheinland-Pfalz,personal,38.0
07143,total_personnel,Rheinland-Pfalz,personal,1743.0
07143,fully_employed,Rheinland-Pfalz,personal,404.0
07143,nursing_and_care,Rheinland-Pfalz,personal,1127.0
07143,social_care,Rheinland-Pfalz,personal,99.0
07143,other_care,Rheinland-Pfalz,personal,61.0
07211,total_personnel,Rheinland-Pfalz,personal,895.0
07211,fully_employed,Rheinland-Pfalz,personal,266.0
07211,nursing_and_care,Rheinland-Pfalz,personal,530.0
07211,social_care,Rheinland-Pfalz,personal,31.0
07211,other_care,Rheinland-Pfalz,personal,36.0
07231,total_personnel,Rheinland-Pfalz,personal,985.0
07231,fully_employed,Rheinland-Pfalz,personal,207.0
07231,nursing_and_care,Rheinland-Pfalz,personal,633.0
07231,social_care,Rheinland-Pfalz,personal,49.0
07231,other_care,Rheinland-Pfalz,personal,33.0
07232,total_personnel,Rheinland-Pfalz,personal,759.0
07232,fully_employed,Rheinland-Pfalz,personal,208.0
07232,nursing_and_care,Rheinland-Pfalz,personal,456.0
07232,social_care,Rheinland-Pfalz,personal,28.0
07232,other_care,Rheinland-Pfalz,personal,32.0
07233,total_personnel,Rheinland-Pfalz,personal,598.0
07233,fully_employed,Rheinland-Pfalz,personal,207.0
07233,nursing_and_care,Rheinland-Pfalz,personal,371.0
07233,social_care,Rheinland-Pfalz,personal,32.0
07233,other_care,Rheinland-Pfalz,personal,25.0
07235,total_personnel,Rheinland-Pfalz,personal,1177.0
07235,fully_employed,Rheinland-Pfalz,personal,317.0
07235,nursing_and_care,Rheinland-Pfalz,personal,791.0
07235,social_care,Rheinland-Pfalz,personal,55.0
07235,other_care,Rheinland-Pfalz,personal,46.0
07311,total_personnel,Rheinland-Pfalz,personal,378.0
07311,fully_employed,Rheinland-Pfalz,personal,122.0
07311,nursing_and_care,Rheinland-Pfalz,personal,248.0
07311,social_care,Rheinland-Pfalz,personal,12.0
07311,other_care,Rheinland-Pfalz,personal,15.0
07312,total_personnel,Rheinland-Pfalz,personal,853.0
07312,fully_employed,Rheinland-Pfalz,personal,222.0
07312,nursing_and_care,Rheinland-Pfalz,personal,516.0
07312,social_care,Rheinland-Pfalz,personal,40.0
07312,other_care,Rheinland-Pfalz,personal,27.0
07313,total_personnel,Rheinland-Pfalz,personal,320.0
07313,fully_employed,Rheinland-Pfalz,personal,81.0
07313,nursing_and_care,Rheinland-Pfalz,personal,257.0
07313,social_care,Rheinland-Pfalz,personal,19.0
07313,other_care,Rheinland-Pfalz,personal,11.0
07314,total_personnel,Rheinland-Pfalz,personal,906.0
07314,fully_employed,Rheinland-Pfalz,personal,347.0
07314,nursing_and_care,Rheinland-Pfalz,personal,630.0
07314,social_care,Rheinland-Pfalz,personal,38.0
07314,other_care,Rheinland-Pfalz,personal,46.0
07315,total_personnel,Rheinland-Pfalz,personal,1318.0
07315,fully_employed,Rheinland-Pfalz,personal,528.0
07315,nursing_and_care,Rheinland-Pfalz,personal,802.0
07315,social_care,Rheinland-Pfalz,personal,53.0
07315,other_care,Rheinland-Pfalz,personal,49.0
07316,total_personnel,Rheinland-Pfalz,personal,358.0
07316,fully_employed,Rheinland-Pfalz,personal,80.0
07316,nursing_and_care,Rheinland-Pfalz,personal,188.0
07316,social_care,Rheinland-Pfalz,personal,27.0
07316,other_care,Rheinland-Pfalz,personal,9.0
07317,total_personnel,Rheinland-Pfalz,personal,541.0
07317,fully_employed,Rheinland-Pfalz,personal,190.0
07317,nursing_and_care,Rheinland-Pfalz,personal,301.0
07317,social_care,Rheinland-Pfalz,personal,19.0
07317,other_care,Rheinland-Pfalz,personal,19.0
07318,total_personnel,Rheinland-Pfalz,personal,658.0
07318,fully_employed,Rheinland-Pfalz,personal,219.0
07318,nursing_and_care,Rheinland-Pfalz,personal,482.0
07318,social_care,Rheinland-Pfalz,personal,27.0
07318,other_care,Rheinland-Pfalz,personal,21.0
07319,total_personnel,Rheinland-Pfalz,personal,711.0
07319,fully_employed,Rheinland-Pfalz,personal,193.0
07319,nursing_and_care,Rheinland-Pfalz,personal,480.0
07319,social_care,Rheinland-Pfalz,personal,45.0
07319,other_care,Rheinland-Pfalz,personal,19.0
07320,total_personnel,Rheinland-Pfalz,personal,328.0
07320,fully_employed,Rheinland-Pfalz,personal,71.0
07320,nursing_and_care,Rheinland-Pfalz,personal,201.0
07320,social_care,Rheinland-Pfalz,personal,19.0
07320,other_care,Rheinland-Pfalz,personal,5.0
07331,total_personnel,Rheinland-Pfalz,personal,675.0
07331,fully_employed,Rheinland-Pfalz,personal,164.0
07331,nursing_and_care,Rheinland-Pfalz,personal,442.0
07331,social_care,Rheinland-Pfalz,personal,34.0
07331,other_care,Rheinland-Pfalz,personal,31.0
07332,total_personnel,Rheinland-Pfalz,personal,976.0
07332,fully_employed,Rheinland-Pfalz,personal,307.0
07332,nursing_and_care,Rheinland-Pfalz,personal,603.0
07332,social_care,Rheinland-Pfalz,personal,58.0
07332,other_care,Rheinland-Pfalz,personal,32.0
07333,total_personnel,Rheinland-Pfalz,personal,724.0
07333,fully_employed,Rheinland-Pfalz,personal,207.0
07333,nursing_and_care,Rheinland-Pfalz,personal,461.0
07333,social_care,Rheinland-Pfalz,personal,11.0
07333,other_care,Rheinland-Pfalz,personal,15.0
07334,total_personnel,Rheinland-Pfalz,personal,744.0
07334,fully_employed,Rheinland-Pfalz,personal,165.0
07334,nursing_and_care,Rheinland-Pfalz,personal,454.0
07334,social_care,Rheinland-Pfalz,personal,36.0
07334,other_care,Rheinland-Pfalz,personal,27.0
07335,total_personnel,Rheinland-Pfalz,personal,755.0
07335,fully_employed,Rheinland-Pfalz,personal,205.0
07335,nursing_and_care,Rheinland-Pfalz,personal,430.0
07335,social_care,Rheinland-Pfalz,personal,35.0
07335,other_care,Rheinland-Pfalz,personal,19.0
07336,total_personnel,Rheinland-Pfalz,personal,535.0
07336,fully_employed,Rheinland-Pfalz,personal,152.0
07336,nursing_and_care,Rheinland-Pfalz,personal,345.0
07336,social_care,Rheinland-Pfalz,personal,19.0
07336,other_care,Rheinland-Pfalz,personal,17.0
07337,total_personnel,Rheinland-Pfalz,personal,463.0
07337,fully_employed,Rheinland-Pfalz,personal,110.0
07337,nursing_and_care,Rheinland-Pfalz,personal,314.0
07337,social_care,Rheinland-Pfalz,personal,30.0
07337,other_care,Rheinland-Pfalz,personal,25.0
07338,total_personnel,Rheinland-Pfalz,personal,737.0
07338,fully_employed,Rheinland-Pfalz,personal,269.0
07338,nursing_and_care,Rheinland-Pfalz,personal,494.0
07338,social_care,Rheinland-Pfalz,personal,26.0
07338,other_care,Rheinland-Pfalz,personal,50.0
07339,total_personnel,Rheinland-Pfalz,personal,1103.0
07339,fully_employed,Rheinland-Pfalz,personal,300.0
07339,nursing_and_care,Rheinland-Pfalz,personal,688.0
07339,social_care,Rheinland-Pfalz,personal,56.0
07339,other_care,Rheinland-Pfalz,personal,53.0
07340,total_personnel,Rheinland-Pfalz,personal,431.0
07340,fully_employed,Rheinland-Pfalz,personal,147.0
07340,nursing_and_care,Rheinland-Pfalz,personal,284.0
07340,social_care,Rheinland-Pfalz,personal,18.0
07340,other_care,Rheinland-Pfalz,personal,12.0
07111,recipients_nursing_class_1,Rheinland-Pfalz,recipients,611.0
07111,recipients_nursing_class_2,Rheinland-Pfalz,recipients,607.0
07111,recipients_nursing_class_3,Rheinland-Pfalz,recipients,207.0
07111,recipients_nursing_class_unknown,Rheinland-Pfalz,recipients,53.0
07131,recipients_nursing_class_1,Rheinland-Pfalz,recipients,496.0
07131,recipients_nursing_class_2,Rheinland-Pfalz,recipients,570.0
07131,recipients_nursing_class_3,Rheinland-Pfalz,recipients,314.0
07131,recipients_nursing_class_unknown,Rheinland-Pfalz,recipients,18.0
07132,recipients_nursing_class_1,Rheinland-Pfalz,recipients,551.0
07132,recipients_nursing_class_2,Rheinland-Pfalz,recipients,552.0
07132,recipients_nursing_class_3,Rheinland-Pfalz,recipients,190.0
07132,recipients_nursing_class_unknown,Rheinland-Pfalz,recipients,19.0
07133,recipients_nursing_class_1,Rheinland-Pfalz,recipients,523.0
07133,recipients_nursing_class_2,Rheinland-Pfalz,recipients,482.0
07133,recipients_nursing_class_3,Rheinland-Pfalz,recipients,255.0
07133,recipients_nursing_class_unknown,Rheinland-Pfalz,recipients,18.0
07134,recipients_nursing_class_1,Rheinland-Pfalz,recipients,371.0
07134,recipients_nursing_class_2,Rheinland-Pfalz,recipients,361.0
07134,recipients_nursing_class_3,Rheinland-Pfalz,recipients,126.0
07134,recipients_nursing_class_unknown,Rheinland-Pfalz,recipients,65.0
07135,recipients_nursing_class_1,Rheinland-Pfalz,recipients,262.0
07135,recipients_nursing_class_2,Rheinland-Pfalz,recipients,365.0
07135,recipients_nursing_class_3,Rheinland-Pfalz,recipients,163.0
07135,recipients_nursing_class_unknown,Rheinland-Pfalz,recipients,9.0
07137,recipients_nursing_class_1,Rheinland-Pfalz,recipients,765.0
07137,recipients_nursing_class_2,Rheinland-Pfalz,recipients,762.0
07137,recipients_nursing_class_3,Rheinland-Pfalz,recipients,320.0
07137,recipients_nursing_class_unknown,Rheinland-Pfalz,recipients,48.0
07138,recipients_nursing_class_1,Rheinland-Pfalz,recipients,739.0
07138,recipients_nursing_class_2,Rheinland-Pfalz,recipients,862.0
07138,recipients_nursing_class_3,Rheinland-Pfalz,recipients,334.0
07138,recipients_nursing_class_unknown,Rheinland-Pfalz,recipients,52.0
07140,recipients_nursing_class_1,Rheinland-Pfalz,recipients,425.0
07140,recipients_nursing_class_2,Rheinland-Pfalz,recipients,401.0
07140,recipients_nursing_class_3,Rheinland-Pfalz,recipients,174.0
07140,recipients_nursing_class_unknown,Rheinland-Pfalz,recipients,17.0
07141,recipients_nursing_class_1,Rheinland-Pfalz,recipients,422.0
07141,recipients_nursing_class_2,Rheinland-Pfalz,recipients,418.0
07141,recipients_nursing_class_3,Rheinland-Pfalz,recipients,202.0
07141,recipients_nursing_class_unknown,Rheinland-Pfalz,recipients,70.0
07143,recipients_nursing_class_1,Rheinland-Pfalz,recipients,790.0
07143,recipients_nursing_class_2,Rheinland-Pfalz,recipients,739.0
07143,recipients_nursing_class_3,Rheinland-Pfalz,recipients,297.0
07143,recipients_nursing_class_unknown,Rheinland-Pfalz,recipients,104.0
07211,recipients_nursing_class_1,Rheinland-Pfalz,recipients,431.0
07211,recipients_nursing_class_2,Rheinland-Pfalz,recipients,360.0
07211,recipients_nursing_class_3,Rheinland-Pfalz,recipients,123.0
07211,recipients_nursing_class_unknown,Rheinland-Pfalz,recipients,51.0
07231,recipients_nursing_class_1,Rheinland-Pfalz,recipients,375.0
07231,recipients_nursing_class_2,Rheinland-Pfalz,recipients,439.0
07231,recipients_nursing_class_3,Rheinland-Pfalz,recipients,205.0
07231,recipients_nursing_class_unknown,Rheinland-Pfalz,recipients,34.0
07232,recipients_nursing_class_1,Rheinland-Pfalz,recipients,278.0
07232,recipients_nursing_class_2,Rheinland-Pfalz,recipients,314.0
07232,recipients_nursing_class_3,Rheinland-Pfalz,recipients,107.0
07232,recipients_nursing_class_unknown,Rheinland-Pfalz,recipients,13.0
07233,recipients_nursing_class_1,Rheinland-Pfalz,recipients,210.0
07233,recipients_nursing_class_2,Rheinland-Pfalz,recipients,263.0
07233,recipients_nursing_class_3,Rheinland-Pfalz,recipients,177.0
07233,recipients_nursing_class_unknown,Rheinland-Pfalz,recipients,12.0
07235,recipients_nursing_class_1,Rheinland-Pfalz,recipients,515.0
07235,recipients_nursing_class_2,Rheinland-Pfalz,recipients,520.0
07235,recipients_nursing_class_3,Rheinland-Pfalz,recipients,189.0
07235,recipients_nursing_class_unknown,Rheinland-Pfalz,recipients,35.0
07311,recipients_nursing_class_1,Rheinland-Pfalz,recipients,209.0
07311,recipients_nursing_class_2,Rheinland-Pfalz,recipients,196.0
07311,recipients_nursing_class_3,Rheinland-Pfalz,recipients,61.0
07311,recipients_nursing_class_unknown,Rheinland-Pfalz,recipients,8.0
07312,recipients_nursing_class_1,Rheinland-Pfalz,recipients,332.0
07312,recipients_nursing_class_2,Rheinland-Pfalz,recipients,377.0
07312,recipients_nursing_class_3,Rheinland-Pfalz,recipients,162.0
07312,recipients_nursing_class_unknown,Rheinland-Pfalz,recipients,79.0
07313,recipients_nursing_class_1,Rheinland-Pfalz,recipients,175.0
07313,recipients_nursing_class_2,Rheinland-Pfalz,recipients,242.0
07313,recipients_nursing_class_3,Rheinland-Pfalz,recipients,81.0
07313,recipients_nursing_class_unknown,Rheinland-Pfalz,recipients,49.0
07314,recipients_nursing_class_1,Rheinland-Pfalz,recipients,585.0
07314,recipients_nursing_class_2,Rheinland-Pfalz,recipients,453.0
07314,recipients_nursing_class_3,Rheinland-Pfalz,recipients,141.0
07314,recipients_nursing_class_unknown,Rheinland-Pfalz,recipients,54.0
07315,recipients_nursing_class_1,Rheinland-Pfalz,recipients,650.0
07315,recipients_nursing_class_2,Rheinland-Pfalz,recipients,628.0
07315,recipients_nursing_class_3,Rheinland-Pfalz,recipients,272.0
07315,recipients_nursing_class_unknown,Rheinland-Pfalz,recipients,40.0
07316,recipients_nursing_class_1,Rheinland-Pfalz,recipients,201.0
07316,recipients_nursing_class_2,Rheinland-Pfalz,recipients,156.0
07316,recipients_nursing_class_3,Rheinland-Pfalz,recipients,39.0
07316,recipients_nursing_class_unknown,Rheinland-Pfalz,recipients,18.0
07317,recipients_nursing_class_1,Rheinland-Pfalz,recipients,241.0
07317,recipients_nursing_class_2,Rheinland-Pfalz,recipients,205.0
07317,recipients_nursing_class_3,Rheinland-Pfalz,recipients,92.0
07317,recipients_nursing_class_unknown,Rheinland-Pfalz,recipients,22.0
07318,recipients_nursing_class_1,Rheinland-Pfalz,recipients,323.0
07318,recipients_nursing_class_2,Rheinland-Pfalz,recipients,311.0
07318,recipients_nursing_class_3,Rheinland-Pfalz,recipients,98.0
07318,recipients_nursing_class_unknown,Rheinland-Pfalz,recipients,26.0
07319,recipients_nursing_class_1,Rheinland-Pfalz,recipients,362.0
07319,recipients_nursing_class_2,Rheinland-Pfalz,recipients,328.0
07319,recipients_nursing_class_3,Rheinland-Pfalz,recipients,110.0
07319,recipients_nursing_class_unknown,Rheinland-Pfalz,recipients,15.0
07320,recipients_nursing_class_1,Rheinland-Pfalz,recipients,105.0
07320,recipients_nursing_class_2,Rheinland-Pfalz,recipients,143.0
07320,recipients_nursing_class_3,Rheinland-Pfalz,recipients,64.0
07320,recipients_nursing_class_unknown,Rheinland-Pfalz,recipients,12.0
07331,recipients_nursing_class_1,Rheinland-Pfalz,recipients,388.0
07331,recipients_nursing_class_2,Rheinland-Pfalz,recipients,315.0
07331,recipients_nursing_class_3,Rheinland-Pfalz,recipients,103.0
07331,recipients_nursing_class_unknown,Rheinland-Pfalz,recipients,30.0
07332,recipients_nursing_class_1,Rheinland-Pfalz,recipients,537.0
07332,recipients_nursing_class_2,Rheinland-Pfalz,recipients,455.0
07332,recipients_nursing_class_3,Rheinland-Pfalz,recipients,155.0
07332,recipients_nursing_class_unknown,Rheinland-Pfalz,recipients,52.0
07333,recipients_nursing_class_1,Rheinland-Pfalz,recipients,298.0
07333,recipients_nursing_class_2,Rheinland-Pfalz,recipients,293.0
07333,recipients_nursing_class_3,Rheinland-Pfalz,recipients,171.0
07333,recipients_nursing_class_unknown,Rheinland-Pfalz,recipients,7.0
07334,recipients_nursing_class_1,Rheinland-Pfalz,recipients,439.0
07334,recipients_nursing_class_2,Rheinland-Pfalz,recipients,342.0
07334,recipients_nursing_class_3,Rheinland-Pfalz,recipients,92.0
07334,recipients_nursing_class_unknown,Rheinland-Pfalz,recipients,35.0
07335,recipients_nursing_class_1,Rheinland-Pfalz,recipients,308.0
07335,recipients_nursing_class_2,Rheinland-Pfalz,recipients,296.0
07335,recipients_nursing_class_3,Rheinland-Pfalz,recipients,104.0
07335,recipients_nursing_class_unknown,Rheinland-Pfalz,recipients,6.0
07336,recipients_nursing_class_1,Rheinland-Pfalz,recipients,210.0
07336,recipients_nursing_class_2,Rheinland-Pfalz,recipients,239.0
07336,recipients_nursing_class_3,Rheinland-Pfalz,recipients,83.0
07336,recipients_nursing_class_unknown,Rheinland-Pfalz,recipients,39.0
07337,recipients_nursing_class_1,Rheinland-Pfalz,recipients,235.0
07337,recipients_nursing_class_2,Rheinland-Pfalz,recipients,279.0
07337,recipients_nursing_class_3,Rheinland-Pfalz,recipients,75.0
07337,recipients_nursing_class_unknown,Rheinland-Pfalz,recipients,23.0
07338,recipients_nursing_class_1,Rheinland-Pfalz,recipients,444.0
07338,recipients_nursing_class_2,Rheinland-Pfalz,recipients,367.0
07338,recipients_nursing_class_3,Rheinland-Pfalz,recipients,143.0
07338,recipients_nursing_class_unknown,Rheinland-Pfalz,recipients,41.0
07339,recipients_nursing_class_1,Rheinland-Pfalz,recipients,565.0
07339,recipients_nursing_class_2,Rheinland-Pfalz,recipients,527.0
07339,recipients_nursing_class_3,Rheinland-Pfalz,recipients,211.0
07339,recipients_nursing_class_unknown,Rheinland-Pfalz,recipients,24.0
07340,recipients_nursing_class_1,Rheinland-Pfalz,recipients,225.0
07340,recipients_nursing_class_2,Rheinland-Pfalz,recipients,205.0
07340,recipients_nursing_class_3,Rheinland-Pfalz,recipients,85.0
07340,recipients_nursing_class_unknown,Rheinland-Pfalz,recipients,32.0
07111,costs_nursing_class_1,Rheinland-Pfalz,costs,46.99
07111,costs_nursing_class_2,Rheinland-Pfalz,costs,60.92
07111,costs_nursing_class_3,Rheinland-Pfalz,costs,84.03
07111,food,Rheinland-Pfalz,costs,23.93
07131,costs_nursing_class_1,Rheinland-Pfalz,costs,47.73
07131,costs_nursing_class_2,Rheinland-Pfalz,costs,61.38
07131,costs_nursing_class_3,Rheinland-Pfalz,costs,83.59
07131,food,Rheinland-Pfalz,costs,24.23
07132,costs_nursing_class_1,Rheinland-Pfalz,costs,45.45
07132,costs_nursing_class_2,Rheinland-Pfalz,costs,58.87
07132,costs_nursing_class_3,Rheinland-Pfalz,costs,81.22
07132,food,Rheinland-Pfalz,costs,23.62
07133,costs_nursing_class_1,Rheinland-Pfalz,costs,46.27
07133,costs_nursing_class_2,Rheinland-Pfalz,costs,60.0
07133,costs_nursing_class_3,Rheinland-Pfalz,costs,82.9
07133,food,Rheinland-Pfalz,costs,24.17
07134,costs_nursing_class_1,Rheinland-Pfalz,costs,44.03
07134,costs_nursing_class_2,Rheinland-Pfalz,costs,56.81
07134,costs_nursing_class_3,Rheinland-Pfalz,costs,77.77
07134,food,Rheinland-Pfalz,costs,22.1
07135,costs_nursing_class_1,Rheinland-Pfalz,costs,46.31
07135,costs_nursing_class_2,Rheinland-Pfalz,costs,59.95
07135,costs_nursing_class_3,Rheinland-Pfalz,costs,82.67
07135,food,Rheinland-Pfalz,costs,24.7
07137,costs_nursing_class_1,Rheinland-Pfalz,costs,47.0
07137,costs_nursing_class_2,Rheinland-Pfalz,costs,60.93
07137,costs_nursing_class_3,Rheinland-Pfalz,costs,83.85
07137,food,Rheinland-Pfalz,costs,24.1
07138,costs_nursing_class_1,Rheinland-Pfalz,costs,46.34
07138,costs_nursing_class_2,Rheinland-Pfalz,costs,60.31
07138,costs_nursing_class_3,Rheinland-Pfalz,costs,83.03
07138,food,Rheinland-Pfalz,costs,24.1
07140,costs_nursing_class_1,Rheinland-Pfalz,costs,46.31
07140,costs_nursing_class_2,Rheinland-Pfalz,costs,59.18
07140,costs_nursing_class_3,Rheinland-Pfalz,costs,82.9
07140,food,Rheinland-Pfalz,costs,24.05
07141,costs_nursing_class_1,Rheinland-Pfalz,costs,46.84
07141,costs_nursing_class_2,Rheinland-Pfalz,costs,60.67
07141,costs_nursing_class_3,Rheinland-Pfalz,costs,83.72
07141,food,Rheinland-Pfalz,costs,23.73
07143,costs_nursing_class_1,Rheinland-Pfalz,costs,45.01
07143,costs_nursing_class_2,Rheinland-Pfalz,costs,58.35
07143,costs_nursing_class_3,Rheinland-Pfalz,costs,80.53
07143,food,Rheinland-Pfalz,costs,23.33
07211,costs_nursing_class_1,Rheinland-Pfalz,costs,49.93
07211,costs_nursing_class_2,Rheinland-Pfalz,costs,64.56
07211,costs_nursing_class_3,Rheinland-Pfalz,costs,88.96
07211,food,Rheinland-Pfalz,costs,24.68
07231,costs_nursing_class_1,Rheinland-Pfalz,costs,47.51
07231,costs_nursing_class_2,Rheinland-Pfalz,costs,61.48
07231,costs_nursing_class_3,Rheinland-Pfalz,costs,84.75
07231,food,Rheinland-Pfalz,costs,24.72
07232,costs_nursing_class_1,Rheinland-Pfalz,costs,48.28
07232,costs_nursing_class_2,Rheinland-Pfalz,costs,62.6
07232,costs_nursing_class_3,Rheinland-Pfalz,costs,86.12
07232,food,Rheinland-Pfalz,costs,24.47
07233,costs_nursing_class_1,Rheinland-Pfalz,costs,43.3
07233,costs_nursing_class_2,Rheinland-Pfalz,costs,56.44
07233,costs_nursing_class_3,Rheinland-Pfalz,costs,77.73
07233,food,Rheinland-Pfalz,costs,23.07
07235,costs_nursing_class_1,Rheinland-Pfalz,costs,46.38
07235,costs_nursing_class_2,Rheinland-Pfalz,costs,60.25
07235,costs_nursing_class_3,Rheinland-Pfalz,costs,83.92
07235,food,Rheinland-Pfalz,costs,24.32
07311,costs_nursing_class_1,Rheinland-Pfalz,costs,46.85
07311,costs_nursing_class_2,Rheinland-Pfalz,costs,60.51
07311,costs_nursing_class_3,Rheinland-Pfalz,costs,83.27
07311,food,Rheinland-Pfalz,costs,23.91
07312,costs_nursing_class_1,Rheinland-Pfalz,costs,46.26
07312,costs_nursing_class_2,Rheinland-Pfalz,costs,60.11
07312,costs_nursing_class_3,Rheinland-Pfalz,costs,83.18
07312,food,Rheinland-Pfalz,costs,23.94
07313,costs_nursing_class_1,Rheinland-Pfalz,costs,47.71
07313,costs_nursing_class_2,Rheinland-Pfalz,costs,62.03
07313,costs_nursing_class_3,Rheinland-Pfalz,costs,85.87
07313,food,Rheinland-Pfalz,costs,24.45
07314,costs_nursing_class_1,Rheinland-Pfalz,costs,46.37
07314,costs_nursing_class_2,Rheinland-Pfalz,costs,60.22
07314,costs_nursing_class_3,Rheinland-Pfalz,costs,83.4
07314,food,Rheinland-Pfalz,costs,24.13
07315,costs_nursing_class_1,Rheinland-Pfalz,costs,47.84
07315,costs_nursing_class_2,Rheinland-Pfalz,costs,61.6
07315,costs_nursing_class_3,Rheinland-Pfalz,costs,84.52
07315,food,Rheinland-Pfalz,costs,24.83
07316,costs_nursing_class_1,Rheinland-Pfalz,costs,45.88
07316,costs_nursing_class_2,Rheinland-Pfalz,costs,59.2
07316,costs_nursing_class_3,Rheinland-Pfalz,costs,81.37
07316,food,Rheinland-Pfalz,costs,23.14
07317,costs_nursing_class_1,Rheinland-Pfalz,costs,48.2
07317,costs_nursing_class_2,Rheinland-Pfalz,costs,62.48
07317,costs_nursing_class_3,Rheinland-Pfalz,costs,86.27
07317,food,Rheinland-Pfalz,costs,24.17
07318,costs_nursing_class_1,Rheinland-Pfalz,costs,45.27
07318,costs_nursing_class_2,Rheinland-Pfalz,costs,58.57
07318,costs_nursing_class_3,Rheinland-Pfalz,costs,82.56
07318,food,Rheinland-Pfalz,costs,22.77
07319,costs_nursing_class_1,Rheinland-Pfalz,costs,46.3
07319,costs_nursing_class_2,Rheinland-Pfalz,costs,59.99
07319,costs_nursing_class_3,Rheinland-Pfalz,costs,82.8
07319,food,Rheinland-Pfalz,costs,24.68
07320,costs_nursing_class_1,Rheinland-Pfalz,costs,48.98
07320,costs_nursing_class_2,Rheinland-Pfalz,costs,63.4
07320,costs_nursing_class_3,Rheinland-Pfalz,costs,87.46
07320,food,Rheinland-Pfalz,costs,24.25
07331,costs_nursing_class_1,Rheinland-Pfalz,costs,44.44
07331,costs_nursing_class_2,Rheinland-Pfalz,costs,58.57
07331,costs_nursing_class_3,Rheinland-Pfalz,costs,79.66
07331,food,Rheinland-Pfalz,costs,24.99
07332,costs_nursing_class_1,Rheinland-Pfalz,costs,46.34
07332,costs_nursing_class_2,Rheinland-Pfalz,costs,59.82
07332,costs_nursing_class_3,Rheinland-Pfalz,costs,82.35
07332,food,Rheinland-Pfalz,costs,23.03
07333,costs_nursing_class_1,Rheinland-Pfalz,costs,44.22
07333,costs_nursing_class_2,Rheinland-Pfalz,costs,57.48
07333,costs_nursing_class_3,Rheinland-Pfalz,costs,79.55
07333,food,Rheinland-Pfalz,costs,22.97
07334,costs_nursing_class_1,Rheinland-Pfalz,costs,45.25
07334,costs_nursing_class_2,Rheinland-Pfalz,costs,58.73
07334,costs_nursing_class_3,Rheinland-Pfalz,costs,81.19
07334,food,Rheinland-Pfalz,costs,22.85
07335,costs_nursing_class_1,Rheinland-Pfalz,costs,45.99
07335,costs_nursing_class_2,Rheinland-Pfalz,costs,59.53
07335,costs_nursing_class_3,Rheinland-Pfalz,costs,82.09
07335,food,Rheinland-Pfalz,costs,23.71
07336,costs_nursing_class_1,Rheinland-Pfalz,costs,46.34
07336,costs_nursing_class_2,Rheinland-Pfalz,costs,59.25
07336,costs_nursing_class_3,Rheinland-Pfalz,costs,81.8
07336,food,Rheinland-Pfalz,costs,22.99
07337,costs_nursing_class_1,Rheinland-Pfalz,costs,44.44
07337,costs_nursing_class_2,Rheinland-Pfalz,costs,58.13
07337,costs_nursing_class_3,Rheinland-Pfalz,costs,79.83
07337,food,Rheinland-Pfalz,costs,23.44
07338,costs_nursing_class_1,Rheinland-Pfalz,costs,46.41
07338,costs_nursing_class_2,Rheinland-Pfalz,costs,60.25
07338,costs_nursing_class_3,Rheinland-Pfalz,costs,83.3
07338,food,Rheinland-Pfalz,costs,25.09
07339,costs_nursing_class_1,Rheinland-Pfalz,costs,45.04
07339,costs_nursing_class_2,Rheinland-Pfalz,costs,58.74
07339,costs_nursing_class_3,Rheinland-Pfalz,costs,82.8
07339,food,Rheinland-Pfalz,costs,24.41
07340,costs_nursing_class_1,Rheinland-Pfalz,costs,43.36
07340,costs_nursing_class_2,Rheinland-Pfalz,costs,56.09
07340,costs_nursing_class_3,Rheinland-Pfalz,costs,77.28
07340,food,Rheinland-Pfalz,costs,21.28
07111,part-time,Rheinland-Pfalz,personal,744.0
07131,part-time,Rheinland-Pfalz,personal,681.0
07132,part-time,Rheinland-Pfalz,personal,714.0
07133,part-time,Rheinland-Pfalz,personal,661.0
07134,part-time,Rheinland-Pfalz,personal,490.0
07135,part-time,Rheinland-Pfalz,personal,471.0
07137,part-time,Rheinland-Pfalz,personal,1078.0
07138,part-time,Rheinland-Pfalz,personal,1023.0
07140,part-time,Rheinland-Pfalz,personal,588.0
07141,part-time,Rheinland-Pfalz,personal,656.0
07143,part-time,Rheinland-Pfalz,personal,1095.0
07211,part-time,Rheinland-Pfalz,personal,524.0
07231,part-time,Rheinland-Pfalz,personal,642.0
07232,part-time,Rheinland-Pfalz,personal,485.0
07233,part-time,Rheinland-Pfalz,personal,334.0
07235,part-time,Rheinland-Pfalz,personal,757.0
07311,part-time,Rheinland-Pfalz,personal,220.0
07312,part-time,Rheinland-Pfalz,personal,516.0
07313,part-time,Rheinland-Pfalz,personal,185.0
07314,part-time,Rheinland-Pfalz,personal,453.0
07315,part-time,Rheinland-Pfalz,personal,700.0
07316,part-time,Rheinland-Pfalz,personal,252.0
07317,part-time,Rheinland-Pfalz,personal,283.0
07318,part-time,Rheinland-Pfalz,personal,371.0
07319,part-time,Rheinland-Pfalz,personal,418.0
07320,part-time,Rheinland-Pfalz,personal,201.0
07331,part-time,Rheinland-Pfalz,personal,450.0
07332,part-time,Rheinland-Pfalz,personal,564.0
07333,part-time,Rheinland-Pfalz,personal,421.0
07334,part-time,Rheinland-Pfalz,personal,500.0
07335,part-time,Rheinland-Pfalz,personal,466.0
07336,part-time,Rheinland-Pfalz,personal,322.0
07337,part-time,Rheinland-Pfalz,personal,308.0
07338,part-time,Rheinland-Pfalz,personal,397.0
07339,part-time,Rheinland-Pfalz,personal,691.0
07340,part-time,Rheinland-Pfalz,personal,245.0
